<UI>
    <VERSION>0.06</VERSION>
    <ISACTIVE>1</ISACTIVE>
    <DOUPDATE>0</DOUPDATE>
    <STYLE>
        <HEADFONT>verdana.ttf</HEADFONT>
        <HEADSIZE>10</HEADSIZE>
        <HEADXOFF>-2</HEADXOFF>
        <HEADYOFF>8</HEADYOFF>
        <HEADHEIGHT>12</HEADHEIGHT>
        <PARAMFONT>automat.ttf</PARAMFONT>
        <PARAMSIZE>6</PARAMSIZE>
        <PARAMXOFF>-2</PARAMXOFF>
        <PARAMYOFF>6</PARAMYOFF>
        <PARAMHEIGHT>12</PARAMHEIGHT>
        <BUTTONXTEXT>4</BUTTONXTEXT>
        <BUTTONYTEXT>0</BUTTONYTEXT>
        <FILESXTEXT>3</FILESXTEXT>
        <FILESYTEXT>3</FILESYTEXT>
        <POINTSIZE>6</POINTSIZE>
        <KNOBSIZE>10</KNOBSIZE>
        <COVERCOLOR>FFFFFF66</COVERCOLOR>
        <TEXTCOLOR>000000FF</TEXTCOLOR>
        <BORDERCOLOR>0000004D</BORDERCOLOR>
        <FRAMECOLOR>0000004D</FRAMECOLOR>
        <SLIDERCOLOR>FF0000CC</SLIDERCOLOR>
        <AXISCOLOR>00FF00FF</AXISCOLOR>
        <HANDLECOLOR>000000FF</HANDLECOLOR>
        <BUTTONCOLOR>E6FF00CC</BUTTONCOLOR>
        <CURVECOLOR>FF9900FF</CURVECOLOR>
        <SCOPECOLOR>FF9900FF</SCOPECOLOR>
        <ACTIVECOLOR>FF0000FF</ACTIVECOLOR>
    </STYLE>
    <OBJECT>
        <ID>0</ID>
        <TYPE>PANEL</TYPE>
        <NAME>Source Properties</NAME>
        <LEFT>735.000000</LEFT>
        <TOP>10.000000</TOP>
        <WIDTH>165.000000</WIDTH>
        <HEIGHT>84.000000</HEIGHT>
        <MODE>0</MODE>
        <DISPLAY>2</DISPLAY>
        <STEPS>0</STEPS>
        <BORDER>12</BORDER>
        <SPACING>10</SPACING>
        <OBJECT>
            <ID>3</ID>
            <TYPE>BUTTON</TYPE>
            <NAME>Camera Settings (v)</NAME>
            <LEFT>12.000000</LEFT>
            <TOP>34.000000</TOP>
            <WIDTH>10.000000</WIDTH>
            <HEIGHT>10.000000</HEIGHT>
            <MODE>3</MODE>
            <DISPLAY>2</DISPLAY>
            <STEPS>0</STEPS>
            <VALUE>0</VALUE>
        </OBJECT>
        <OBJECT>
            <ID>1</ID>
            <TYPE>BUTTON</TYPE>
            <NAME>Flip Vertical (j)</NAME>
            <LEFT>12.000000</LEFT>
            <TOP>54.000000</TOP>
            <WIDTH>10.000000</WIDTH>
            <HEIGHT>10.000000</HEIGHT>
            <MODE>2</MODE>
            <DISPLAY>2</DISPLAY>
            <STEPS>0</STEPS>
            <VALUE>0</VALUE>
        </OBJECT>
        <OBJECT>
            <ID>2</ID>
            <TYPE>BUTTON</TYPE>
            <NAME>Flip Horizontal (h)</NAME>
            <LEFT>12.000000</LEFT>
            <TOP>74.000000</TOP>
            <WIDTH>10.000000</WIDTH>
            <HEIGHT>10.000000</HEIGHT>
            <MODE>2</MODE>
            <DISPLAY>2</DISPLAY>
            <STEPS>0</STEPS>
            <VALUE>0</VALUE>
        </OBJECT>
    </OBJECT>
    <OBJECT>
        <ID>5</ID>
        <TYPE>PANEL</TYPE>
        <NAME>GPU Properties</NAME>
        <LEFT>735.000000</LEFT>
        <TOP>114.000000</TOP>
        <WIDTH>122.000000</WIDTH>
        <HEIGHT>42.000000</HEIGHT>
        <MODE>0</MODE>
        <DISPLAY>2</DISPLAY>
        <STEPS>0</STEPS>
        <BORDER>10</BORDER>
        <SPACING>10</SPACING>
        <OBJECT>
            <ID>6</ID>
            <TYPE>BUTTON</TYPE>
            <NAME>GPU Mode (g)</NAME>
            <LEFT>10.000000</LEFT>
            <TOP>32.000000</TOP>
            <WIDTH>10.000000</WIDTH>
            <HEIGHT>10.000000</HEIGHT>
            <MODE>2</MODE>
            <DISPLAY>2</DISPLAY>
            <STEPS>0</STEPS>
            <VALUE>0</VALUE>
        </OBJECT>
    </OBJECT>
    <OBJECT>
        <ID>7</ID>
        <TYPE>PANEL</TYPE>
        <NAME>Communication</NAME>
        <LEFT>735.000000</LEFT>
        <TOP>177.000000</TOP>
        <WIDTH>124.000000</WIDTH>
        <HEIGHT>42.000000</HEIGHT>
        <MODE>0</MODE>
        <DISPLAY>2</DISPLAY>
        <STEPS>0</STEPS>
        <BORDER>10</BORDER>
        <SPACING>10</SPACING>
        <OBJECT>
            <ID>8</ID>
            <TYPE>BUTTON</TYPE>
            <NAME>Send TUIO (t)</NAME>
            <LEFT>10.000000</LEFT>
            <TOP>32.000000</TOP>
            <WIDTH>10.000000</WIDTH>
            <HEIGHT>10.000000</HEIGHT>
            <MODE>2</MODE>
            <DISPLAY>2</DISPLAY>
            <STEPS>0</STEPS>
            <VALUE>0</VALUE>
        </OBJECT>
    </OBJECT>
    <OBJECT>
        <ID>9</ID>
        <TYPE>PANEL</TYPE>
        <NAME>Calibration</NAME>
        <LEFT>735.000000</LEFT>
        <TOP>240.000000</TOP>
        <WIDTH>161.000000</WIDTH>
        <HEIGHT>42.000000</HEIGHT>
        <MODE>0</MODE>
        <DISPLAY>2</DISPLAY>
        <STEPS>0</STEPS>
        <BORDER>10</BORDER>
        <SPACING>10</SPACING>
        <OBJECT>
            <ID>10</ID>
            <TYPE>BUTTON</TYPE>
            <NAME>Enter Calibration (c)</NAME>
            <LEFT>10.000000</LEFT>
            <TOP>32.000000</TOP>
            <WIDTH>10.000000</WIDTH>
            <HEIGHT>10.000000</HEIGHT>
            <MODE>3</MODE>
            <DISPLAY>2</DISPLAY>
            <STEPS>0</STEPS>
            <VALUE>0</VALUE>
        </OBJECT>
    </OBJECT>
    <OBJECT>
        <ID>39</ID>
        <TYPE>PANEL</TYPE>
        <NAME>files</NAME>
        <LEFT>735.000000</LEFT>
        <TOP>303.000000</TOP>
        <WIDTH>145.000000</WIDTH>
        <HEIGHT>42.000000</HEIGHT>
        <MODE>0</MODE>
        <DISPLAY>2</DISPLAY>
        <STEPS>0</STEPS>
        <BORDER>10</BORDER>
        <SPACING>10</SPACING>
        <OBJECT>
            <ID>40</ID>
            <TYPE>BUTTON</TYPE>
            <NAME>Save Settings (s)</NAME>
            <LEFT>10.000000</LEFT>
            <TOP>32.000000</TOP>
            <WIDTH>10.000000</WIDTH>
            <HEIGHT>10.000000</HEIGHT>
            <MODE>3</MODE>
            <DISPLAY>2</DISPLAY>
            <STEPS>0</STEPS>
            <VALUE>0</VALUE>
        </OBJECT>
    </OBJECT>
    <OBJECT>
        <ID>31</ID>
        <TYPE>PANEL</TYPE>
        <NAME>Tracked Image</NAME>
        <LEFT>386.000000</LEFT>
        <TOP>270.000000</TOP>
        <WIDTH>309.000000</WIDTH>
        <HEIGHT>90.000000</HEIGHT>
        <MODE>0</MODE>
        <DISPLAY>2</DISPLAY>
        <STEPS>0</STEPS>
        <BORDER>10</BORDER>
        <SPACING>10</SPACING>
        <OBJECT>
            <ID>37</ID>
            <TYPE>BUTTON</TYPE>
            <NAME>Show Outlines (o)</NAME>
            <LEFT>120.000000</LEFT>
            <TOP>11.000000</TOP>
            <WIDTH>10.000000</WIDTH>
            <HEIGHT>10.000000</HEIGHT>
            <MODE>2</MODE>
            <DISPLAY>2</DISPLAY>
            <STEPS>0</STEPS>
            <VALUE>0</VALUE>
        </OBJECT>
        <OBJECT>
            <ID>38</ID>
            <TYPE>BUTTON</TYPE>
            <NAME>Show IDs (i)</NAME>
            <LEFT>235.000000</LEFT>
            <TOP>11.000000</TOP>
            <WIDTH>10.000000</WIDTH>
            <HEIGHT>10.000000</HEIGHT>
            <MODE>2</MODE>
            <DISPLAY>2</DISPLAY>
            <STEPS>0</STEPS>
            <VALUE>1</VALUE>
        </OBJECT>
        <OBJECT>
            <ID>33</ID>
            <TYPE>SLIDER</TYPE>
            <NAME>Image Threshold (a/z)</NAME>
            <LEFT>10.000000</LEFT>
            <TOP>32.000000</TOP>
            <WIDTH>140.000000</WIDTH>
            <HEIGHT>13.000000</HEIGHT>
            <MODE>0</MODE>
            <DISPLAY>1</DISPLAY>
            <STEPS>0</STEPS>
            <MIN>0.000000</MIN>
            <MAX>255.000000</MAX>
            <VALUE>9.107143</VALUE>
        </OBJECT>
        <OBJECT>
            <ID>34</ID>
            <TYPE>SLIDER</TYPE>
            <NAME>Movement Threshold</NAME>
            <LEFT>165.000000</LEFT>
            <TOP>32.000000</TOP>
            <WIDTH>140.000000</WIDTH>
            <HEIGHT>13.000000</HEIGHT>
            <MODE>0</MODE>
            <DISPLAY>1</DISPLAY>
            <STEPS>0</STEPS>
            <MIN>0.000000</MIN>
            <MAX>15.000000</MAX>
            <VALUE>1.000000</VALUE>
        </OBJECT>
        <OBJECT>
            <ID>35</ID>
            <TYPE>SLIDER</TYPE>
            <NAME>Min Blob Size</NAME>
            <LEFT>10.000000</LEFT>
            <TOP>67.000000</TOP>
            <WIDTH>140.000000</WIDTH>
            <HEIGHT>13.000000</HEIGHT>
            <MODE>0</MODE>
            <DISPLAY>1</DISPLAY>
            <STEPS>0</STEPS>
            <MIN>0.000000</MIN>
            <MAX>200.000000</MAX>
            <VALUE>25.714287</VALUE>
        </OBJECT>
        <OBJECT>
            <ID>36</ID>
            <TYPE>SLIDER</TYPE>
            <NAME>Max Blob Size</NAME>
            <LEFT>165.000000</LEFT>
            <TOP>67.000000</TOP>
            <WIDTH>140.000000</WIDTH>
            <HEIGHT>13.000000</HEIGHT>
            <MODE>0</MODE>
            <DISPLAY>1</DISPLAY>
            <STEPS>0</STEPS>
            <MIN>5.000000</MIN>
            <MAX>2000.000000</MAX>
            <VALUE>304.250000</VALUE>
        </OBJECT>
    </OBJECT>
    <OBJECT>
        <ID>12</ID>
        <TYPE>PANEL</TYPE>
        <NAME>Source Image</NAME>
        <LEFT>41.000000</LEFT>
        <TOP>270.000000</TOP>
        <WIDTH>309.000000</WIDTH>
        <HEIGHT>75.000000</HEIGHT>
        <MODE>0</MODE>
        <DISPLAY>2</DISPLAY>
        <STEPS>0</STEPS>
        <BORDER>10</BORDER>
        <SPACING>10</SPACING>
        <OBJECT>
            <ID>13</ID>
            <TYPE>BUTTON</TYPE>
            <NAME>Use Camera</NAME>
            <LEFT>10.000000</LEFT>
            <TOP>32.000000</TOP>
            <WIDTH>10.000000</WIDTH>
            <HEIGHT>10.000000</HEIGHT>
            <MODE>2</MODE>
            <DISPLAY>2</DISPLAY>
            <STEPS>0</STEPS>
            <VALUE>0</VALUE>
        </OBJECT>
        <OBJECT>
            <ID>15</ID>
            <TYPE>BUTTON</TYPE>
            <NAME>Previous Camera</NAME>
            <LEFT>100.000000</LEFT>
            <TOP>32.000000</TOP>
            <WIDTH>10.000000</WIDTH>
            <HEIGHT>10.000000</HEIGHT>
            <MODE>3</MODE>
            <DISPLAY>2</DISPLAY>
            <STEPS>0</STEPS>
            <VALUE>0</VALUE>
        </OBJECT>
        <OBJECT>
            <ID>14</ID>
            <TYPE>BUTTON</TYPE>
            <NAME>Next Camera</NAME>
            <LEFT>214.000000</LEFT>
            <TOP>32.000000</TOP>
            <WIDTH>10.000000</WIDTH>
            <HEIGHT>10.000000</HEIGHT>
            <MODE>3</MODE>
            <DISPLAY>2</DISPLAY>
            <STEPS>0</STEPS>
            <VALUE>0</VALUE>
        </OBJECT>
        <OBJECT>
            <ID>16</ID>
            <TYPE>BUTTON</TYPE>
            <NAME>Use Video</NAME>
            <LEFT>10.000000</LEFT>
            <TOP>55.000000</TOP>
            <WIDTH>10.000000</WIDTH>
            <HEIGHT>10.000000</HEIGHT>
            <MODE>2</MODE>
            <DISPLAY>2</DISPLAY>
            <STEPS>0</STEPS>
            <VALUE>1</VALUE>
        </OBJECT>
    </OBJECT>
    <OBJECT>
        <ID>17</ID>
        <TYPE>PANEL</TYPE>
        <NAME>Background</NAME>
        <LEFT>86.000000</LEFT>
        <TOP>487.000000</TOP>
        <WIDTH>144.000000</WIDTH>
        <HEIGHT>88.000000</HEIGHT>
        <MODE>0</MODE>
        <DISPLAY>2</DISPLAY>
        <STEPS>0</STEPS>
        <BORDER>10</BORDER>
        <SPACING>7</SPACING>
        <OBJECT>
            <ID>18</ID>
            <TYPE>BUTTON</TYPE>
            <NAME>Remove BG (b)</NAME>
            <LEFT>10.000000</LEFT>
            <TOP>29.000000</TOP>
            <WIDTH>10.000000</WIDTH>
            <HEIGHT>10.000000</HEIGHT>
            <MODE>3</MODE>
            <DISPLAY>2</DISPLAY>
            <STEPS>0</STEPS>
            <VALUE>0</VALUE>
        </OBJECT>
        <OBJECT>
            <ID>19</ID>
            <TYPE>BUTTON</TYPE>
            <NAME>Dynamic Subtract</NAME>
            <LEFT>10.000000</LEFT>
            <TOP>46.000000</TOP>
            <WIDTH>10.000000</WIDTH>
            <HEIGHT>10.000000</HEIGHT>
            <MODE>2</MODE>
            <DISPLAY>2</DISPLAY>
            <STEPS>0</STEPS>
            <VALUE>0</VALUE>
        </OBJECT>
        <OBJECT>
            <ID>20</ID>
            <TYPE>SLIDER</TYPE>
            <NAME>Learn Speed</NAME>
            <LEFT>10.000000</LEFT>
            <TOP>63.000000</TOP>
            <WIDTH>110.000000</WIDTH>
            <HEIGHT>13.000000</HEIGHT>
            <MODE>0</MODE>
            <DISPLAY>1</DISPLAY>
            <STEPS>0</STEPS>
            <MIN>1.000000</MIN>
            <MAX>500.000000</MAX>
            <VALUE>150.700012</VALUE>
        </OBJECT>
    </OBJECT>
    <OBJECT>
        <ID>21</ID>
        <TYPE>PANEL</TYPE>
        <NAME>Smooth</NAME>
        <LEFT>236.000000</LEFT>
        <TOP>487.000000</TOP>
        <WIDTH>120.000000</WIDTH>
        <HEIGHT>73.000000</HEIGHT>
        <MODE>0</MODE>
        <DISPLAY>2</DISPLAY>
        <STEPS>0</STEPS>
        <BORDER>10</BORDER>
        <SPACING>7</SPACING>
        <OBJECT>
            <ID>22</ID>
            <TYPE>BUTTON</TYPE>
            <NAME></NAME>
            <LEFT>105.000000</LEFT>
            <TOP>10.000000</TOP>
            <WIDTH>12.000000</WIDTH>
            <HEIGHT>12.000000</HEIGHT>
            <MODE>2</MODE>
            <DISPLAY>2</DISPLAY>
            <STEPS>0</STEPS>
            <VALUE>0</VALUE>
        </OBJECT>
        <OBJECT>
            <ID>23</ID>
            <TYPE>SLIDER</TYPE>
            <NAME>Smooth</NAME>
            <LEFT>10.000000</LEFT>
            <TOP>30.000000</TOP>
            <WIDTH>110.000000</WIDTH>
            <HEIGHT>13.000000</HEIGHT>
            <MODE>0</MODE>
            <DISPLAY>1</DISPLAY>
            <STEPS>0</STEPS>
            <MIN>0.000000</MIN>
            <MAX>15.000000</MAX>
            <VALUE>4.363636</VALUE>
        </OBJECT>
    </OBJECT>
    <OBJECT>
        <ID>27</ID>
        <TYPE>PANEL</TYPE>
        <NAME>Highpass</NAME>
        <LEFT>386.000000</LEFT>
        <TOP>487.000000</TOP>
        <WIDTH>120.000000</WIDTH>
        <HEIGHT>105.000000</HEIGHT>
        <MODE>0</MODE>
        <DISPLAY>2</DISPLAY>
        <STEPS>0</STEPS>
        <BORDER>10</BORDER>
        <SPACING>7</SPACING>
        <OBJECT>
            <ID>28</ID>
            <TYPE>BUTTON</TYPE>
            <NAME></NAME>
            <LEFT>105.000000</LEFT>
            <TOP>10.000000</TOP>
            <WIDTH>12.000000</WIDTH>
            <HEIGHT>12.000000</HEIGHT>
            <MODE>2</MODE>
            <DISPLAY>2</DISPLAY>
            <STEPS>0</STEPS>
            <VALUE>1</VALUE>
        </OBJECT>
        <OBJECT>
            <ID>29</ID>
            <TYPE>SLIDER</TYPE>
            <NAME>Blur</NAME>
            <LEFT>10.000000</LEFT>
            <TOP>30.000000</TOP>
            <WIDTH>110.000000</WIDTH>
            <HEIGHT>13.000000</HEIGHT>
            <MODE>0</MODE>
            <DISPLAY>1</DISPLAY>
            <STEPS>0</STEPS>
            <MIN>0.000000</MIN>
            <MAX>200.000000</MAX>
            <VALUE>29.000000</VALUE>
        </OBJECT>
        <OBJECT>
            <ID>30</ID>
            <TYPE>SLIDER</TYPE>
            <NAME>Noise</NAME>
            <LEFT>10.000000</LEFT>
            <TOP>60.000000</TOP>
            <WIDTH>110.000000</WIDTH>
            <HEIGHT>13.000000</HEIGHT>
            <MODE>0</MODE>
            <DISPLAY>1</DISPLAY>
            <STEPS>0</STEPS>
            <MIN>0.000000</MIN>
            <MAX>30.000000</MAX>
            <VALUE>4.000000</VALUE>
        </OBJECT>
    </OBJECT>
    <OBJECT>
        <ID>24</ID>
        <TYPE>PANEL</TYPE>
        <NAME>Amplify</NAME>
        <LEFT>536.000000</LEFT>
        <TOP>487.000000</TOP>
        <WIDTH>120.000000</WIDTH>
        <HEIGHT>73.000000</HEIGHT>
        <MODE>0</MODE>
        <DISPLAY>2</DISPLAY>
        <STEPS>0</STEPS>
        <BORDER>10</BORDER>
        <SPACING>7</SPACING>
        <OBJECT>
            <ID>25</ID>
            <TYPE>BUTTON</TYPE>
            <NAME></NAME>
            <LEFT>105.000000</LEFT>
            <TOP>10.000000</TOP>
            <WIDTH>12.000000</WIDTH>
            <HEIGHT>12.000000</HEIGHT>
            <MODE>2</MODE>
            <DISPLAY>2</DISPLAY>
            <STEPS>0</STEPS>
            <VALUE>0</VALUE>
        </OBJECT>
        <OBJECT>
            <ID>26</ID>
            <TYPE>SLIDER</TYPE>
            <NAME>Amplify</NAME>
            <LEFT>10.000000</LEFT>
            <TOP>30.000000</TOP>
            <WIDTH>110.000000</WIDTH>
            <HEIGHT>13.000000</HEIGHT>
            <MODE>0</MODE>
            <DISPLAY>1</DISPLAY>
            <STEPS>0</STEPS>
            <MIN>0.000000</MIN>
            <MAX>300.000000</MAX>
            <VALUE>51.000000</VALUE>
        </OBJECT>
    </OBJECT>
</UI>
