<?xml version="1.0" encoding="ISO-8859-1" ?>
<scene>
    <camera width="320" height="240" />
    <video file="camarim.avi" />
    <tuio host="127.0.0.1" port="3333" />
    <source name="video" />
    <stream enable="0" image="source" host="127.0.0.1" port="9100" width="320" height="240" quality="60" />
    <gpu enable="1" />
    <centers value="1" />
    <boxes value="1" />
    <ids value="0" />
    <blob minarea="5" maxarea="80" dilations="1" erosions="1" />
    <model name="mog" />
    <!-- 
	*************************************
	Background Model Parameters
	*************************************
     -->
    <bgmodel name="simplegauss">
        <param id="0" name="Sensitivity" value="51" />
        <param id="1" name="Noise Variance" value="192" />
        <param id="2" name="Learning Rate" value="46" />
    </bgmodel>
    <bgmodel name="fuzzygauss">
        <param id="0" name="Sensitivity" value="85" />
        <param id="1" name="BG Threshold" value="133" />
        <param id="2" name="Learning Rate" value="177" />
        <param id="3" name="Noise Variance" value="210" />
    </bgmodel>
    <bgmodel name="mog">
        <param id="0" name="Sensitivity" value="85" />
        <param id="1" name="BG Threshold" value="107" />
        <param id="2" name="Learning Rate" value="64" />
        <param id="3" name="Noise Variance" value="206" />
    </bgmodel>
    <bgmodel name="asom">
        <param id="0" name="Sensitivity" value="86" />
        <param id="1" name="Training Sensitivity" value="245" />
        <param id="2" name="Learning Rate" value="62" />
        <param id="3" name="Training Learning Rate" value="255" />
        <param id="5" name="Training Steps" value="151" />
    </bgmodel>
    <bgmodel name="fuzzyasom">
        <param id="0" name="Sensitivity" value="86" />
        <param id="1" name="Training Sensitivity" value="240" />
        <param id="2" name="Learning Rate" value="62" />
        <param id="3" name="Training Learning Rate" value="255" />
        <param id="5" name="Training Steps" value="151" />
    </bgmodel>
</scene>
